design,N,ER,ME,MED,NMED,MRED,EDmax,EDmax_count
trunc_N0,0,0.0,0.0,0.0,0.0,0.0,0,0
trunc_N1,1,0.25,-0.25,0.25,3.844675124951942e-06,0.00017859140372578373,1,16384
trunc_N2,2,0.5,-1.25,1.25,1.922337562475971e-05,0.000774515425839232,5,4096
trunc_N3,3,0.6875,-4.25,4.25,6.535947712418301e-05,0.0022774603320915355,17,1024
trunc_N4,4,0.8125,-12.25,12.25,0.00018838908112264513,0.005640907009890857,49,256
trunc_N5,5,0.890625,-32.25,32.25,0.0004959630911188004,0.012633792674513072,129,64
trunc_N6,6,0.9375,-80.25,80.25,0.0012341407151095732,0.02637522102904351,321,16
trunc_N7,7,0.96484375,-192.25,192.25,0.002956555171088043,0.052059291291715236,769,4
trunc_N8,8,0.98046875,-448.25,448.25,0.006893502499038831,0.09780063739913673,1793,1
trunc_N9,9,0.9873046875,-896.25,896.25,0.01378316032295271,0.16335397323478043,3585,1
trunc_N10,10,0.990234375,-1664.25,1664.25,0.025594002306805076,0.2547294764277142,6657,1
trunc_N11,11,0.991455078125,-2944.25,2944.25,0.04527873894655902,0.3767871138458963,11777,1
trunc_N12,12,0.991943359375,-4992.25,4992.25,0.07677431757016533,0.5300820958890278,19969,1
